OBJECTID,Type,Mgt_Area,Comments,Shape_Leng
1001,Gravel Road,Arcadia Management Area,None,791.81493624
1002,Gravel Road,Arcadia Management Area,None,271.510417661
1003,Gravel Road,Arcadia Management Area,NORTH SOUTH TRAIL,1424.79387306
1004,Gravel Road,Arcadia Management Area,None,250.755486794
1005,Gravel Road,Arcadia Management Area,NORTH SOUTH TRAIL,1336.77654082
1006,Gravel Road,Arcadia Management Area,NORTH SOUTH TRAIL,619.103066517
1007,Gravel Road,Arcadia Management Area,TEFFT HILL ROAD,4655.39400983
1008,Gravel Road,Arcadia Management Area,Tripp Trail,2782.23202326
1009,Gravel Road,Big River Management Area,None,2116.63074833
1010,Gravel Road,Big River Management Area,None,993.031851395
1011,Gravel Road,Big River Management Area,None,1439.64301336
1012,Gravel Road,Big River Management Area,None,4006.42555672
1013,Gravel Road,Big River Management Area,None,761.90446993
1014,Gravel Road,Big River Management Area,None,2742.84806253
1015,Gravel Road,Big River Management Area,None,5527.66865985
1016,Gravel Road,Buck Hill Management Area,None,9092.07310889
1017,Gravel Road,Buck Hill Management Area,None,8309.69101102
1018,Gravel Road,Burlingame Management Area,None,13166.217064
1019,Gravel Road,Camp Nokewa,None,2521.07051348
1020,Gravel Road,Carolina Management Area,None,3904.47845094
1021,Gravel Road,Carolina Management Area,None,4035.30421808
1022,Gravel Road,Carolina Management Area,None,4150.78073578
1023,Gravel Road,George Washington Management Area,None,4822.31236968
1024,Gravel Road,George Washington Management Area,None,1890.97853476
1025,Gravel Road,George Washington Management Area,None,1073.28743794
1026,Gravel Road,George Washington Management Area,None,7771.0931167
1027,Gravel Road,George Washington Management Area,Ski Trail,5339.19015814
1028,Gravel Road,George Washington Management Area,Ski Trail,9705.0304572
1029,Gravel Road,Lincoln Woods State Park,LincWoods,563.934818069
1030,Gravel Road,Lincoln Woods State Park,LincWoods,586.373709984
1031,Gravel Road,Tillinghast Pond Management Area,Gravel Road,4917.24186387
1032,Gravel Road,Wickaboxet Management Area,None,4673.0726673
1033,Gravel Road,Woody Hill Management Area,poor condition,7455.59070801
1034,Paved Path,Fort Adams,None,10758.0343832
1035,Paved Road,Colt State Park,None,835.08615211
1036,Paved Road,Colt State Park,None,306.551452002
1037,Paved Road,Colt State Park,None,1144.65098652
1038,Paved Road,Colt State Park,None,2854.70975465
1039,Paved Road,George Washington Management Area,None,671.752581317
1040,Paved Road,Lincoln Woods State Park,LincWoods,2897.14201659
1041,Paved Road,Lincoln Woods State Park,LincWoods,5259.0987639
1042,Paved Road,Lincoln Woods State Park,LincWoods,3198.7484102
1043,Paved Road,Lincoln Woods State Park,LincWoods,240.022789044
1044,Paved Road,Lincoln Woods State Park,LincWoods,163.180191712
1045,Paved Road,Lincoln Woods State Park,LincWoods,938.938711262
1046,Paved Road,Lincoln Woods State Park,LincWoods,5154.16880212
1047,Single Track,Arcadia Management Area,Arcadia Trail,1512.53252379
1048,Single Track,Arcadia Management Area,Fair,2148.07764218
1049,Single Track,Arcadia Management Area,FISKE TRAIL,1171.42635606
1050,Single Track,Arcadia Management Area,NO NAME,10030.0927901
1051,Single Track,Arcadia Management Area,NO NAME,7769.43634717
1052,Single Track,Arcadia Management Area,NO NAME,1489.7450744
1053,Single Track,Arcadia Management Area,NO NAME,3969.56358621
1054,Single Track,Arcadia Management Area,NO NAME,683.556484019
1055,Single Track,Arcadia Management Area,NO NAME,2670.45853278
1056,Single Track,Arcadia Management Area,NO NAME,326.533354952
1057,Single Track,Arcadia Management Area,NO NAME,2152.48199454
1058,Single Track,Arcadia Management Area,"no name , unknown",4022.12088611
1059,Single Track,Arcadia Management Area,None,2029.00083093
1060,Single Track,Arcadia Management Area,None,7295.7992776
1061,Single Track,Arcadia Management Area,None,2631.05321334
1062,Single Track,Arcadia Management Area,None,3609.97389336
1063,Single Track,Arcadia Management Area,None,4861.97787295
1064,Single Track,Arcadia Management Area,NORTH SOUTH TRAIL,3290.39366584
1065,Single Track,Arcadia Management Area,NORTH SOUTH TRAIL,1184.88817709
1066,Single Track,Arcadia Management Area,Old Ten Rod Road,1373.79073482
1067,Single Track,Arcadia Management Area,Paully Trail,9214.80747446
1068,Single Track,Arcadia Management Area,Shelter Trail,1807.69893441
1069,Single Track,Arcadia Management Area,Shelter Trail,7670.82797244
1070,Single Track,Arcadia Management Area,YELLOW DOT,1351.31586841
1071,Single Track,Big River Management Area,None,6128.2980138
1072,Single Track,Big River Management Area,None,770.043494737
1073,Single Track,Big River Management Area,None,1918.41290754
1074,Single Track,Big River Management Area,None,746.910194606
1075,Single Track,Big River Management Area,None,1669.35053424
1076,Single Track,Big River Management Area,None,384.914557616
1077,Single Track,Big River Management Area,None,331.594187475
1078,Single Track,Big River Management Area,None,3763.67474958
1079,Single Track,Big River Management Area,None,3243.05472593
1080,Single Track,Big River Management Area,None,7583.34796312
1081,Single Track,Big River Management Area,None,414.574887545
1082,Single Track,Big River Management Area,None,2548.66215821
1083,Single Track,Big River Management Area,None,2803.52364718
1084,Single Track,Big River Management Area,None,972.699828814
1085,Single Track,Big River Management Area,None,2099.89695166
1086,Single Track,Big River Management Area,None,1598.72338862
1087,Single Track,Big River Management Area,None,728.002491671
1088,Single Track,Big River Management Area,None,3504.33674137
1089,Single Track,Big River Management Area,None,5228.57955369
1090,Single Track,Big River Management Area,None,1108.92431174
1091,Single Track,Big River Management Area,None,2866.51950195
1092,Single Track,Big River Management Area,None,2629.41392345
1093,Single Track,Big River Management Area,None,3455.12902536
1094,Single Track,Big River Management Area,None,3367.90443958
1095,Single Track,Big River Management Area,None,2265.7216394
1096,Single Track,Big River Management Area,None,1201.33746464
1097,Single Track,Big River Management Area,None,4080.46737014
1098,Single Track,Big River Management Area,None,4132.37414039
1099,Single Track,Big River Management Area,None,252.825930875
1100,Single Track,Big River Management Area,None,500.412321148
1101,Single Track,Big River Management Area,None,2134.85491105
1102,Single Track,Big River Management Area,None,2179.48372068
1103,Single Track,Big River Management Area,None,2729.56743782
1104,Single Track,Big River Management Area,None,210.088860998
1105,Single Track,Big River Management Area,None,1231.37864152
1106,Single Track,Big River Management Area,None,2505.69722664
1107,Single Track,Big River Management Area,None,2863.42929277
1108,Single Track,Big River Management Area,None,611.964190339
1109,Single Track,Big River Management Area,None,4096.15075111
1110,Single Track,Big River Management Area,None,4550.18180881
1111,Single Track,Big River Management Area,None,455.429115054
1112,Single Track,Big River Management Area,None,2422.82756432
1113,Single Track,Big River Management Area,None,2532.51225844
1114,Single Track,Big River Management Area,None,1997.53626598
1115,Single Track,Big River Management Area,None,1416.3374194
1116,Single Track,Big River Management Area,None,1059.36542687
1117,Single Track,Big River Management Area,None,4126.87253948
1118,Single Track,Big River Management Area,None,3011.19823892
1119,Single Track,Big River Management Area,None,1737.84894742
1120,Single Track,Big River Management Area,None,396.06432093
1121,Single Track,Big River Management Area,None,2971.99411636
1122,Single Track,Big River Management Area,None,1625.13599418
1123,Single Track,Big River Management Area,None,1422.14847929
1124,Single Track,Big River Management Area,None,3926.52604905
1125,Single Track,Big River Management Area,None,632.708994797
1126,Single Track,Big River Management Area,None,595.425579909
1127,Single Track,Big River Management Area,None,2311.83146584
1128,Single Track,Big River Management Area,None,845.765101908
1129,Single Track,Big River Management Area,None,1179.74443388
1130,Single Track,Big River Management Area,None,915.529782148
1131,Single Track,Big River Management Area,None,2687.2213519
1132,Single Track,Big River Management Area,None,320.55992934
1133,Single Track,Big River Management Area,None,376.417841675
1134,Single Track,Big River Management Area,None,453.251679071
1135,Single Track,Big River Management Area,None,322.308608062
1136,Single Track,Big River Management Area,None,2238.25947424
1137,Single Track,Big River Management Area,None,2118.12544858
1138,Single Track,Big River Management Area,None,1232.88663986
1139,Single Track,Big River Management Area,None,262.621090925
1140,Single Track,Big River Management Area,None,2943.29215179
1141,Single Track,Big River Management Area,None,2218.63993154
1142,Single Track,Big River Management Area,None,1317.42210572
1143,Single Track,Big River Management Area,None,373.683021245
1144,Single Track,Big River Management Area,None,2262.73688153
1145,Single Track,Big River Management Area,None,5729.6291764
1146,Single Track,Big River Management Area,None,1298.12399467
1147,Single Track,Big River Management Area,None,1773.41014233
1148,Single Track,Big River Management Area,None,1823.87204735
1149,Single Track,Big River Management Area,None,707.776722686
1150,Single Track,Big River Management Area,None,5954.48736986
1151,Single Track,Big River Management Area,None,3843.59245869
1152,Single Track,Big River Management Area,None,5719.64966834
1153,Single Track,Big River Management Area,None,2970.98926561
1154,Single Track,Big River Management Area,None,271.22172733
1155,Single Track,Big River Management Area,None,9019.04942137
1156,Single Track,Big River Management Area,None,833.528309512
1157,Single Track,Buck Hill Management Area,None,6186.02405907
1158,Single Track,Burlingame State Park,COOP,12164.9826003
1159,Single Track,Burlingame State Park,Mountain Bike,7947.54335956
1160,Single Track,Carolina Management Area,None,5555.9044583
1161,Single Track,Diamond Hill Reservation / Diamond Hill Park,None,2612.10259808
1162,Single Track,Diamond Hill Reservation / Diamond Hill Park,None,954.273985211
1163,Single Track,Diamond Hill Reservation / Diamond Hill Park,Trail to Emerson,4199.38720884
1164,Single Track,George Washington Management Area,None,7347.39320931
1165,Single Track,George Washington Management Area,Ski Trail,3716.01834076
1166,Single Track,Great Swamp Management Area,None,2911.95005455
1167,Single Track,Lincoln Woods State Park,LincWoods,1435.31854114
1168,Single Track,Lincoln Woods State Park,LincWoods,3480.90563441
1169,Single Track,Lincoln Woods State Park,LincWoods,1598.88564872
1170,Single Track,Lincoln Woods State Park,LincWoods,2030.48062361
1171,Single Track,Lincoln Woods State Park,LincWoods,2603.48246388
1172,Single Track,Rome Point,None,1264.89172407
1173,Single Track,Rome Point,None,610.319013149
1174,Single Track,Rome Point,None,2337.79734932
1175,Single Track,Snake Den State Park,Snake Den,7472.91776171
1176,Single Track,Snake Den State Park,Snake Den,1957.96053205
1177,Single Track,Snake Den State Park,Snake Den,1694.94852383
1178,Single Track,Snake Den State Park,Snake Den,5014.7826133
1179,Single Track,Snake Den State Park,Snake Den,262.397921223
1180,Single Track,Snake Den State Park,Snake Den,292.711914549
1181,Single Track,Snake Den State Park,Snake Den,384.608667241
1182,Single Track,Woody Hill Management Area,None,2438.75429613
1183,Single Track,Woody Hill Management Area,None,690.739838369
1184,Single Track,Woody Hill Management Area,None,805.013003802
1185,Single Track,Woody Hill Management Area,None,979.967755326
1186,Single Track,Woody Hill Management Area,None,451.065555027
1187,Single Track,Wickaboxet Management Area,None,595.319192675
1188,Single Track,Wickaboxet Management Area,None,576.167512171
1189,Single Track,Woody Hill Management Area,None,3467.91526583
1190,Single Track,Arcadia Management Area,Fair,1392.33696025
1191,Single Track,Beavertail,COOP,1048.26487016
1192,Single Track,Beavertail,COOP,219.395167835
1193,Single Track,Beavertail,COOP,1058.02692326
1194,Single Track,Beavertail,COOP,473.325892203
1195,Single Track,Beavertail,COOP,293.073891808
1196,Single Track,Beavertail,COOP,1792.02671922
1197,Single Track,Beavertail,COOP,424.847338999
1198,Single Track,Beavertail,COOP,814.606154735
1199,Single Track,Beavertail,COOP,1392.92831405
1200,Single Track,Beavertail,COOP,323.48642149
1201,Single Track,Beavertail,COOP,898.513221512
1202,Single Track,Big River Management Area,None,544.801553479
1203,Single Track,Big River Management Area,None,160.676124918
1204,Double Track,Arcadia Management Area,None,1365.31779041
1205,Double Track,Arcadia Management Area,None,1127.01119336
1206,Double Track,Arcadia Management Area,NO NAME,1299.11033352
1207,Single Track,Arcadia Management Area,None,792.40667931
1208,Single Track,Arcadia Management Area,None,4843.44101235
1,Single Track,Arcadia Management Area,universal access,1486.33100909
2,Single Track,Carolina Management Area,None,3615.34794978
3,Gravel Road,Carolina Management Area,None,6081.07122668
4,Double Track,Carolina Management Area,None,700.632097259
5,Double Track,Carolina Management Area,None,1594.78850602
6,Double Track,Carolina Management Area,None,2572.83677213
7,Double Track,Carolina Management Area,None,1576.89788494
8,Double Track,Carolina Management Area,None,1860.09188955
9,Double Track,Carolina Management Area,None,2237.90969493
10,Double Track,Carolina Management Area,None,4406.1743107
11,Double Track,Carolina Management Area,None,3244.08857232
12,Single Track,Carolina Management Area,None,113.777651349
13,Double Track,Carolina Management Area,None,2232.89226585
14,Single Track,Carolina Management Area,NORTH SOUTH TRAIL,3772.13383903
15,Double Track,Carolina Management Area,NORTH SOUTH TRAIL,3720.58755956
16,Single Track,Carolina Management Area,None,731.483775734
17,Single Track,Carolina Management Area,None,917.873195643
18,Double Track,Carolina Management Area,None,290.632276102
19,Double Track,Woody Hill Management Area,None,2481.60143155
20,Double Track,Woody Hill Management Area,None,233.422168487
21,Double Track,Woody Hill Management Area,None,3442.51985189
22,Double Track,Woody Hill Management Area,None,2236.77717344
23,Double Track,Woody Hill Management Area,None,691.101723537
24,Double Track,Woody Hill Management Area,None,1013.71762685
25,Double Track,Woody Hill Management Area,None,184.007824066
26,Double Track,Woody Hill Management Area,None,310.913110393
27,Double Track,Woody Hill Management Area,None,575.749393534
28,Double Track,Woody Hill Management Area,None,1994.26051673
29,Double Track,Woody Hill Management Area,None,1763.29963295
30,Single Track,Burlingame State Park,Gormley Trail,350.064472799
31,Double Track,Woody Hill Management Area,None,356.906044502
32,Gravel Road,Arcadia Management Area,None,5759.93864112
33,Gravel Road,Arcadia Management Area,None,10681.7752806
34,Gravel Road,Arcadia Management Area,None,223.403591722
35,Gravel Road,Arcadia Management Area,None,428.32613192
36,Gravel Road,Arcadia Management Area,None,1831.03690667
37,Gravel Road,Arcadia Management Area,None,390.609369367
38,Gravel Road,Arcadia Management Area,None,940.930764787
39,Gravel Road,Arcadia Management Area,None,873.637105498
40,Gravel Road,Arcadia Management Area,None,1293.4948999
41,Gravel Road,Woody Hill Management Area,poor condition,1250.16118223
42,Gravel Road,Woody Hill Management Area,poor condition,3678.86799258
43,Gravel Road,Woody Hill Management Area,poor condition,1340.31337921
44,Double Track,Woody Hill Management Area,poor condition,3142.0129173
45,Double Track,Wickaboxet Management Area,None,7477.73154871
46,Double Track,Wickaboxet Management Area,None,2059.2338193
47,Double Track,Wickaboxet Management Area,None,2215.07893165
48,Double Track,Wickaboxet Management Area,None,1370.9650323
49,Double Track,Wickaboxet Management Area,None,135.829600405
50,Double Track,Wickaboxet Management Area,None,3314.82775959
51,Double Track,Black Farm Management Area,None,996.136740631
52,Double Track,Black Farm Management Area,None,1236.11905855
53,Double Track,Black Farm Management Area,None,571.925377122
54,Double Track,Black Farm Management Area,None,243.238747792
55,Double Track,Black Farm Management Area,None,2624.34790421
56,Double Track,Black Farm Management Area,None,2317.8309822
57,Double Track,Black Farm Management Area,None,357.377195968
58,Double Track,Black Farm Management Area,None,1061.13354248
59,Single Track,Burlingame State Park,Gormley & North South yellow & blue,1388.77893278
60,Double Track,Burlingame State Park,None,316.942388728
61,Single Track,Burlingame State Park,Gormley & North South yellow & blue,2979.1151344
62,Single Track,Burlingame State Park,None,448.230349128
63,Single Track,Burlingame State Park,NORTH SOUTH TRAIL,1686.91851347
64,Single Track,Burlingame State Park,NORTH SOUTH TRAIL,3195.05957744
65,Double Track,Burlingame State Park,None,922.300716861
66,Double Track,Burlingame State Park,Gormley & North South yellow & blue,2489.52765681
67,Double Track,Burlingame State Park,"Gormley, yellow blaze",570.648889874
68,Double Track,Burlingame State Park,Gormley & North South yellow & blue,2679.53812827
69,Double Track,Burlingame State Park,None,1999.03701704
70,Double Track,Burlingame State Park,None,757.274817302
71,Single Track,Burlingame State Park,Gormley & North South yellow & blue,4492.07666251
72,Single Track,Burlingame State Park,COOP,3950.12030836
73,Single Track,Burlingame State Park,COOP,408.741825978
74,Single Track,Burlingame State Park,COOP,1988.57619716
75,Single Track,Burlingame State Park,COOP,565.60725057
76,Single Track,Burlingame State Park,COOP,1218.11708284
77,Single Track,Burlingame State Park,COOP,5525.9496682
78,Single Track,Burlingame State Park,COOP,5858.85493306
79,Double Track,Burlingame State Park,COOP,450.434155607
80,Gravel Road,Burlingame State Park,COOP,3597.18624808
81,Double Track,Burlingame State Park,COOP,2578.44759207
82,Double Track,Burlingame State Park,COOP,1662.26338602
83,Single Track,Burlingame State Park,Gormley Trail yellow blaze,1247.59281984
84,Gravel Road,Burlingame Management Area,None,1687.49096161
85,Double Track,Burlingame State Park,None,585.712837702
86,Single Track,Burlingame Management Area,"White blaze, trail is poor",3732.20029986
87,Double Track,Burlingame Management Area,white blaze,3036.967997
88,Double Track,Burlingame Management Area,dead end,2873.21361701
89,Double Track,Burlingame Management Area,None,1582.67338643
90,Single Track,Burlingame Management Area,"needs work, blowdowns",2205.01551333
91,Double Track,Burlingame Management Area,None,1020.12278322
92,Double Track,Burlingame Management Area,Private,1521.05988784
93,Double Track,Burlingame Management Area,None,531.386904352
94,Double Track,Burlingame Management Area,NORTH SOUTH TRAIL,2740.0180342
95,Double Track,Burlingame Management Area,None,2821.95863557
96,Double Track,Burlingame Management Area,None,1520.4795408
97,Single Track,Burlingame Management Area,None,719.336575026
98,Double Track,Burlingame Management Area,None,1729.70242981
99,Gravel Road,Carolina Management Area,None,3797.80573409
100,Single Track,Arcadia Management Area,"Pachaug Trail, yellow blaze, fair",6618.97944962
101,Gravel Road,Arcadia Management Area,None,3853.80568554
102,Gravel Road,Arcadia Management Area,None,1194.58248738
103,Single Track,Arcadia Management Area,"Beach Pond Bypass, fair",789.636061448
104,Single Track,Arcadia Management Area,"Beach Pond Bypass, fair",3672.87577181
105,Gravel Road,Arcadia Management Area,"Beach Pond Bypass, fair",304.665061201
106,Gravel Road,Arcadia Management Area,None,1241.92813833
107,Single Track,Arcadia Management Area,None,1329.10792795
108,Gravel Road,Arcadia Management Area,None,3248.01081
109,Double Track,Arcadia Management Area,None,3873.2008462
110,Gravel Road,Arcadia Management Area,None,3024.39921582
111,Single Track,Arcadia Management Area,None,1152.18115958
112,Single Track,Arcadia Management Area,None,3905.77878213
113,Single Track,Arcadia Management Area,None,2528.07804586
114,Single Track,Arcadia Management Area,None,1055.48131325
115,Gravel Road,Arcadia Management Area,None,8359.95622198
116,Double Track,Arcadia Management Area,None,2648.44189603
117,Single Track,Arcadia Management Area,None,1059.43881841
118,Gravel Road,Arcadia Management Area,None,2147.60012989
119,Single Track,Arcadia Management Area,NO NAME,1443.11296781
120,Single Track,Arcadia Management Area,NO NAME,3474.9306798
121,Single Track,Arcadia Management Area,Fair,1525.67462341
122,Double Track,Arcadia Management Area,None,4226.80682506
123,Single Track,Arcadia Management Area,Fair,5580.13978324
124,Single Track,Arcadia Management Area,QUESTIONABLE TRAIL,1575.62071431
125,Single Track,Arcadia Management Area,NO NAME,4571.9127567
126,Gravel Road,Arcadia Management Area,NO NAME,455.746528033
127,Double Track,Decoppett,Owner = Fish & Wildlife,1198.82508638
128,Double Track,Decoppett,Owner = Fish & Wildlife,2311.79833412
129,Double Track,Decoppett,Owner = Fish & Wildlife,3643.03219886
130,Double Track,Decoppett,Owner = Fish & Wildlife,4540.80248921
131,Single Track,Arcadia Management Area,None,308.938151886
132,Single Track,Arcadia Management Area,NORTH SOUTH TRAIL,1458.87340038
133,Gravel Road,Arcadia Management Area,None,1454.42258824
134,Single Track,Arcadia Management Area,None,1444.6357618
135,Single Track,George Washington Management Area,None,4198.08055818
136,Single Track,George Washington Management Area,None,14751.2502824
137,Single Track,George Washington Management Area,None,2451.9676692
138,Single Track,George Washington Management Area,None,688.849591702
139,Double Track,Round Top Management Area,None,4494.62118941
140,Double Track,Round Top Management Area,None,1524.20880955
141,Double Track,Round Top Management Area,None,1764.0623693
142,Single Track,Durfee Hill Management Area,None,8381.68403859
143,Double Track,Decoppett,Owner = Fish & Wildlife,1463.71219555
144,Double Track,Decoppett,Owner = Fish & Wildlife,5120.83098309
145,Double Track,Decoppett,Owner = Fish & Wildlife,4161.30748191
146,Double Track,Decoppett,Owner = Fish & Wildlife,1883.65485092
147,Double Track,Decoppett,Owner = Fish & Wildlife,3615.96858316
148,Double Track,Decoppett,Owner = Fish & Wildlife,1925.6875715
149,Double Track,Decoppett,Owner = Fish & Wildlife,2607.32700375
150,Double Track,Decoppett,Owner = Fish & Wildlife,3318.55185449
151,Double Track,Decoppett,Owner = Fish & Wildlife,3060.15537053
152,Double Track,Decoppett,Owner = Fish & Wildlife,731.314907233
153,Single Track,Arcadia Management Area,NORTH SOUTH TRAIL,1785.4659605
154,Single Track,Arcadia Management Area,Arcadia Trail,2893.00746822
155,Double Track,Arcadia Management Area,None,1981.89657604
156,Single Track,Arcadia Management Area,"North South Trail, blue blaze",1293.09145702
157,Gravel Road,Arcadia Management Area,NO NAME,5119.60754692
158,Gravel Road,Killingly Pond Management Area,None,6311.41980135
159,Gravel Road,Killingly Pond Management Area,None,5285.19513561
160,Single Track,Arcadia Management Area,None,94.0825557359
161,Double Track,Arcadia Management Area,"Mt Tom Trail; fair",2468.60413582
162,Gravel Road,Arcadia Management Area,None,314.840002602
163,Gravel Road,Arcadia Management Area,NORTH SOUTH TRAIL,252.568588583
164,Gravel Road,Arcadia Management Area,NORTH SOUTH TRAIL,1795.7277794
165,Single Track,Arcadia Management Area,None,162.379948759
166,Single Track,Arcadia Management Area,NO NAME,152.721715636
167,Single Track,Arcadia Management Area,NO NAME,940.72778261
168,Single Track,Arcadia Management Area,Arcadia Trail,3226.45661706
169,Single Track,Arcadia Management Area,NO NAME,530.138574155
170,Single Track,Arcadia Management Area,"Mount Tom Trail, white blaze",4948.90676423
171,Single Track,Arcadia Management Area,Dove Crest,6867.73821463
172,Single Track,Arcadia Management Area,"Mount Tom Trail, white blaze",1773.24623855
173,Single Track,Arcadia Management Area,NO NAME,2763.90503526
174,Double Track,Arcadia Management Area,"no name , repair",1377.9852844
175,Single Track,Arcadia Management Area,NO NAME,136.853131805
176,Single Track,Arcadia Management Area,None,87.7411732015
177,Single Track,Arcadia Management Area,None,1914.93174085
178,Single Track,Arcadia Management Area,Old Ten Rod Road,454.839552915
179,Single Track,Arcadia Management Area,"no name , repair",4273.9241749
180,Single Track,Arcadia Management Area,Wildcat Trail,1811.56697268
181,Single Track,Arcadia Management Area,"no name , unknown",7694.18595271
182,Single Track,Arcadia Management Area,None,1040.16258391
183,Single Track,Arcadia Management Area,Tower Trail,450.664199767
184,Single Track,Arcadia Management Area,"unnamed, fair",2277.14885338
185,Double Track,Arcadia Management Area,"no name , repair",1959.09958701
186,Single Track,Arcadia Management Area,None,1878.08778379
187,Single Track,Arcadia Management Area,None,2193.10777742
188,Double Track,Arcadia Management Area,Tripp Trail,3896.23405911
189,Double Track,Arcadia Management Area,Bateman Trail,1427.89406131
190,Single Track,Arcadia Management Area,Narragansett Gun Club,1831.36524062
191,Single Track,Arcadia Management Area,John B. Hudson Trail,552.835361951
192,Single Track,Arcadia Management Area,None,232.378978788
193,Single Track,Arcadia Management Area,"John B. Hudson, west branch",3015.89032368
194,Single Track,Arcadia Management Area,"John B. Hudson, east branch, yellow blaze",2171.94302753
195,Single Track,Arcadia Management Area,unnamed,813.715822328
196,Double Track,Arcadia Management Area,Good,2841.8457362
197,Single Track,Arcadia Management Area,Good,623.377162737
198,Single Track,Arcadia Management Area,Good,2232.70540263
199,Single Track,Arcadia Management Area,Good,1359.10363361
200,Single Track,Arcadia Management Area,Shelter Trail,1486.63683781
201,Single Track,Arcadia Management Area,Shelter Trail,1869.34267423
202,Double Track,Arcadia Management Area,OFF NEWMAN,1908.15121565
203,Single Track,Arcadia Management Area,"Breakheart Trail ,",3648.24730353
204,Double Track,Arcadia Management Area,"Fiske Trail, Breakheart Trail, yellow blazw",3339.26632386
205,Double Track,Arcadia Management Area,Newman Trail,248.10524045
206,Double Track,Arcadia Management Area,Hicks Trail,3429.5098
207,Single Track,Arcadia Management Area,UNNAMED,3410.67837494
208,Single Track,Rome Point,None,912.935144781
209,Double Track,Rome Point,None,1778.13158415
210,Double Track,Rome Point,None,462.606611259
211,Double Track,Rome Point,None,703.754311575
212,Double Track,Rome Point,None,505.211504756
213,Single Track,Rome Point,None,581.221573558
214,Single Track,Rome Point,None,2482.67572158
215,Single Track,Rome Point,None,401.232863591
216,Single Track,Rome Point,None,2983.59262414
217,Single Track,Rome Point,None,643.1607801
218,Single Track,Rome Point,None,119.427612167
219,Double Track,Rome Point,None,569.958996525
220,Single Track,Arcadia Management Area,UNNAMED,3225.22118721
221,Gravel Road,Arcadia Management Area,MATTESON PLAIN ROAD,167.839613269
222,Single Track,Arcadia Management Area,UNNAMED,3050.38509079
223,Single Track,Arcadia Management Area,Paully Trail,1543.19291926
224,Single Track,Arcadia Management Area,"Paully Trail , repair",4853.64301513
225,Single Track,Arcadia Management Area,UNNAMED,2010.76113477
226,Single Track,Arcadia Management Area,"Mount Tom ,",600.356107404
227,Double Track,Arcadia Management Area,None,4418.89610879
228,Single Track,Arcadia Management Area,Ben Utter Trail,7059.38545133
229,Single Track,Arcadia Management Area,None,82.4093184902
230,Double Track,Burlingame Management Area,None,1701.7090616
231,Gravel Road,Carolina Management Area,None,2033.58594767
232,Double Track,Great Swamp Management Area,None,1808.43164862
233,Double Track,Great Swamp Management Area,None,469.392612784
234,Double Track,Great Swamp Management Area,None,5670.83347942
235,Single Track,Rome Point,None,2456.83063362
236,Gravel Road,Carolina Management Area,None,624.601021657
237,Single Track,Arcadia Management Area,None,4323.99105983
238,Single Track,Arcadia Management Area,None,3810.10901001
239,Double Track,Great Swamp Management Area,None,1795.69831693
240,Double Track,Great Swamp Management Area,None,3003.55088234
241,Double Track,Great Swamp Management Area,None,3208.82246719
242,Single Track,Arcadia Management Area,Hudson Trail,5430.74485228
243,Gravel Road,Tillinghast Pond Management Area,Gravel Road,2327.78427818
244,Gravel Road,Tillinghast Pond Management Area,Gravel Road,295.547853373
245,Single Track,Diamond Hill Reservation / Diamond Hill Park,Trail to Emerson,1618.24263846
246,Single Track,Diamond Hill Reservation / Diamond Hill Park,None,382.300626731
247,Single Track,Diamond Hill Reservation / Diamond Hill Park,None,1494.50948111
248,Single Track,Diamond Hill Reservation / Diamond Hill Park,None,830.255385593
249,Single Track,Scarborough Beach,Black Point,3223.09510516
250,Paved Road,Colt State Park,None,511.256086322
251,Gravel Road,Colt State Park,None,720.008499827
252,Paved Path,Colt State Park,None,511.502550326
253,Gravel Road,Colt State Park,None,373.787740751
254,Gravel Road,Colt State Park,None,111.077155912
255,Paved Path,Colt State Park,None,1802.61292646
256,Paved Road,Colt State Park,None,1584.35334242
257,Paved Road,Colt State Park,None,1754.38819128
258,Paved Path,Colt State Park,None,3288.45538443
259,Gravel Road,Lincoln Woods State Park,LincWoods,311.447399799
260,Double Track,Lincoln Woods State Park,LincWoods,291.453910843
261,Single Track,Lincoln Woods State Park,LincWoods,998.905600912
262,Single Track,Lincoln Woods State Park,LincWoods,1117.75386471
263,Gravel Road,Lincoln Woods State Park,LincWoods,125.601283259
264,Single Track,Lincoln Woods State Park,LincWoods,1235.13308589
265,Single Track,Lincoln Woods State Park,LincWoods,1807.49461937
266,Single Track,Lincoln Woods State Park,LincWoods,334.570031708
267,Single Track,Lincoln Woods State Park,LincWoods,1154.78689546
268,Single Track,Lincoln Woods State Park,LincWoods,305.925426086
269,Single Track,Lincoln Woods State Park,LincWoods,417.355735728
270,Gravel Road,George Washington Management Area,None,465.374380816
271,Gravel Road,George Washington Management Area,None,282.546329417
272,Gravel Road,George Washington Management Area,None,115.055163089
273,Gravel Road,George Washington Management Area,None,191.087429558
274,Single Track,George Washington Management Area,None,338.227547595
275,Single Track,Arcadia Management Area,None,6930.94638027
276,Single Track,Arcadia Management Area,None,830.392940328
277,Double Track,Buck Hill Management Area,None,950.140819721
278,Double Track,Buck Hill Management Area,None,1716.25960324
279,Double Track,Buck Hill Management Area,None,1208.35007541
280,Double Track,Buck Hill Management Area,None,1365.31025377
281,Double Track,Buck Hill Management Area,None,3985.98165051
282,Double Track,Buck Hill Management Area,None,389.35521434
283,Double Track,Buck Hill Management Area,None,106.392835606
284,Double Track,Black Farm Management Area,Black Farm,2082.84412393
285,Double Track,Black Farm Management Area,Black Farm,550.13491948
286,Double Track,Black Farm Management Area,None,2335.57285252
287,Double Track,Buck Hill Management Area,None,1618.50600888
288,Gravel Road,Buck Hill Management Area,None,2788.87062897
289,Single Track,Arcadia Management Area,None,465.665842967
290,Double Track,Goddard Park,Bridle Path,1040.87333675
291,Double Track,Goddard Park,Bridle Path,109.667028162
292,Double Track,Goddard Park,Bridle Path,368.440106549
293,Double Track,Goddard Park,Bridle Path,428.226575627
294,Double Track,Goddard Park,Bridle Path,395.896529436
295,Double Track,Goddard Park,Bridle Path,394.783461086
296,Double Track,Goddard Park,Bridle Path,460.448020079
297,Double Track,Goddard Park,Bridle Path,517.95978325
298,Double Track,Goddard Park,Bridle Path,648.63311008
299,Double Track,Goddard Park,Bridle Path,419.181545048
300,Double Track,Goddard Park,Bridle Path,1541.91175028
301,Double Track,Goddard Park,Bridle Path,1385.28209191
302,Double Track,Goddard Park,Bridle Path,629.356773134
303,Double Track,Goddard Park,Bridle Path,624.351793499
304,Double Track,Goddard Park,Bridle Path,708.60823038
305,Double Track,Goddard Park,Bridle Path,478.82907998
306,Double Track,Goddard Park,Bridle Path,534.506003155
307,Double Track,Goddard Park,Bridle Path,623.766939719
308,Double Track,Goddard Park,Bridle Path,683.438390909
309,Double Track,Goddard Park,Bridle Path,193.949503224
310,Double Track,Goddard Park,Bridle Path,2427.3819484
311,Double Track,Goddard Park,Bridle Path,380.027137998
312,Double Track,Goddard Park,Bridle Path,567.259235217
313,Double Track,Goddard Park,Bridle Path,973.152275181
314,Double Track,Goddard Park,Bridle Path,261.379379396
315,Double Track,Goddard Park,Bridle Path,1429.97761961
316,Double Track,Goddard Park,Bridle Path,747.991407987
317,Double Track,Goddard Park,Bridle Path,1194.37667549
318,Double Track,Goddard Park,Bridle Path,691.100332635
319,Double Track,Goddard Park,Bridle Path,109.568536161
320,Double Track,Goddard Park,Bridle Path,449.402856177
321,Double Track,Goddard Park,Bridle Path,600.619214877
322,Double Track,Goddard Park,Bridle Path,89.6389663044
323,Double Track,Goddard Park,Bridle Path,2334.65761191
324,Double Track,Goddard Park,Bridle Path,1177.03713652
325,Double Track,Goddard Park,Bridle Path,1514.78282966
326,Double Track,Goddard Park,Bridle Path,201.17633233
327,Double Track,Goddard Park,Bridle Path,536.877778342
328,Double Track,Goddard Park,Bridle Path,529.766328147
329,Double Track,Goddard Park,Bridle Path,1958.03247473
330,Double Track,Goddard Park,Bridle Path,377.086874407
331,Single Track,Goddard Park,Bridle Path,63.2900059544
332,Double Track,Goddard Park,Bridle Path,245.489124289
333,Single Track,Goddard Park,Bridle Path,170.997301069
334,Double Track,Goddard Park,Bridle Path,294.45939247
335,Double Track,Goddard Park,Bridle Path,159.936405943
336,Single Track,Lincoln Woods State Park,LincWoods,810.995719661
337,Double Track,Lincoln Woods State Park,LincWoods,641.428434973
338,Single Track,Lincoln Woods State Park,LincWoods,2817.30930364
339,Single Track,Lincoln Woods State Park,LincWoods,1528.923004
340,Single Track,Lincoln Woods State Park,LincWoods,1092.19405428
341,Single Track,Lincoln Woods State Park,LincWoods,559.063568835
342,Single Track,Lincoln Woods State Park,LincWoods,1281.58871971
343,Single Track,Lincoln Woods State Park,LincWoods,258.973589386
344,Single Track,Lincoln Woods State Park,LincWoods,1045.4915766
345,Double Track,Lincoln Woods State Park,LincWoods,1480.0967488
346,Single Track,Lincoln Woods State Park,LincWoods,1287.05792629
347,Single Track,Lincoln Woods State Park,LincWoods,790.838492848
348,Single Track,Lincoln Woods State Park,LincWoods,191.201801507
349,Single Track,Lincoln Woods State Park,LincWoods,355.65105647
350,Single Track,Lincoln Woods State Park,LincWoods,411.193030849
351,Paved Road,Lincoln Woods State Park,LincWoods,1307.4534524
352,Paved Road,Lincoln Woods State Park,LincWoods,706.043497407
353,Single Track,Lincoln Woods State Park,LincWoods,1102.336322
354,Paved Road,Lincoln Woods State Park,LincWoods,1388.03519443
355,Paved Road,Lincoln Woods State Park,LincWoods,185.167860032
356,Paved Road,Lincoln Woods State Park,LincWoods,2797.88946532
357,Paved Road,Lincoln Woods State Park,LincWoods,186.20789709
358,Paved Road,Lincoln Woods State Park,LincWoods,161.479214722
359,Paved Road,Lincoln Woods State Park,LincWoods,241.469705444
360,Paved Road,Lincoln Woods State Park,LincWoods,598.532303928
361,Paved Road,Lincoln Woods State Park,LincWoods,1129.46420079
362,Paved Road,Lincoln Woods State Park,LincWoods,542.670096572
363,Paved Road,Lincoln Woods State Park,LincWoods,486.521675481
364,Paved Road,Lincoln Woods State Park,LincWoods,527.419886939
365,Paved Road,Lincoln Woods State Park,LincWoods,118.192703877
366,Paved Road,Lincoln Woods State Park,LincWoods,214.665107221
367,Paved Road,Lincoln Woods State Park,LincWoods,83.1012118345
368,Paved Road,Lincoln Woods State Park,LincWoods,314.51871817
369,Gravel Road,Lincoln Woods State Park,LincWoods,219.446072337
370,Double Track,Lincoln Woods State Park,LincWoods,649.084807651
371,Double Track,Lincoln Woods State Park,LincWoods,394.464269822
372,Double Track,Lincoln Woods State Park,LincWoods,215.461184965
373,Gravel Road,Lincoln Woods State Park,LincWoods,889.830051078
374,Paved Road,Lincoln Woods State Park,LincWoods,594.838016479
375,Paved Road,Lincoln Woods State Park,LincWoods,896.044625314
376,Single Track,Lincoln Woods State Park,LincWoods,631.054140807
377,Gravel Road,Lincoln Woods State Park,LincWoods,334.760214116
378,Single Track,Lincoln Woods State Park,LincWoods,832.829738621
379,Paved Road,Colt State Park,None,1942.5247388
380,Paved Road,Colt State Park,None,235.582479273
381,Paved Road,Colt State Park,None,364.622751472
382,Paved Road,Colt State Park,None,1556.92425894
383,Paved Road,Colt State Park,None,1025.71992072
384,Paved Road,Colt State Park,None,416.531003906
385,Paved Path,Colt State Park,None,5295.85068638
386,Paved Road,Colt State Park,None,2041.93652816
387,Paved Road,Colt State Park,None,220.535300818
388,Paved Road,Colt State Park,None,2663.72799125
389,Paved Road,Colt State Park,None,1435.76739986
390,Paved Road,Colt State Park,None,1473.05266899
391,Paved Road,Colt State Park,None,1115.38391671
392,Paved Road,Colt State Park,None,642.91007421
393,Paved Road,Colt State Park,None,289.779136017
394,Paved Road,Colt State Park,None,51.3139020602
395,Paved Road,Colt State Park,None,1126.03128938
396,Paved Road,Colt State Park,None,478.162264197
397,Paved Road,Colt State Park,None,190.151617827
398,Paved Road,Colt State Park,None,130.984054015
399,Paved Road,Colt State Park,None,461.835232544
400,Paved Road,Colt State Park,None,466.665134597
401,Paved Road,Colt State Park,None,933.536776788
402,Paved Road,Colt State Park,None,191.469746497
403,Paved Road,Colt State Park,None,182.211767328
404,Paved Road,Colt State Park,None,703.841813561
405,Paved Road,Colt State Park,None,665.94838288
406,Paved Path,Colt State Park,None,9026.93440516
407,Single Track,George Washington Management Area,None,14528.5853499
408,Double Track,George Washington Management Area,None,270.232887126
409,Double Track,George Washington Management Area,None,2302.38172498
410,Single Track,George Washington Management Area,None,428.364369687
411,Gravel Road,George Washington Management Area,None,373.199314355
412,Paved Road,Colt State Park,None,721.184779434
413,Gravel Road,George Washington Management Area,None,130.212289089
414,Gravel Road,George Washington Management Area,None,102.862711514
415,Gravel Road,George Washington Management Area,None,106.929249385
416,Gravel Road,George Washington Management Area,None,2617.70493228
417,Gravel Road,George Washington Management Area,None,4389.63470405
418,Gravel Road,George Washington Management Area,None,6929.11585369
419,Gravel Road,George Washington Management Area,None,1430.94347507
420,Gravel Road,George Washington Management Area,None,4996.43858752
421,Gravel Road,George Washington Management Area,None,3028.66874598
422,Gravel Road,George Washington Management Area,None,1377.86278734
423,Gravel Road,George Washington Management Area,None,3116.01666016
424,Gravel Road,George Washington Management Area,None,2007.62338291
425,Gravel Road,George Washington Management Area,None,3050.23325588
426,Double Track,George Washington Management Area,Ski Trail,2540.50278461
427,Paved Road,George Washington Management Area,None,382.923954066
428,Paved Road,George Washington Management Area,None,324.560968689
429,Gravel Road,George Washington Management Area,Ski Trail,1020.97518258
430,Paved Road,George Washington Management Area,None,589.327692631
431,Gravel Road,George Washington Management Area,None,1139.11715003
432,Gravel Road,George Washington Management Area,None,829.531304282
433,Double Track,George Washington Management Area,None,1088.09618614
434,Double Track,George Washington Management Area,None,1174.12430958
435,Gravel Road,George Washington Management Area,None,507.139142954
436,Double Track,George Washington Management Area,None,648.26170908
437,Gravel Road,George Washington Management Area,None,138.636025429
438,Single Track,George Washington Management Area,Ski Trail,484.113907932
439,Single Track,George Washington Management Area,Ski Trail,3881.47142324
440,Gravel Road,George Washington Management Area,None,961.610333936
441,Gravel Road,Lincoln Woods State Park,None,360.537010651
442,Gravel Road,Lincoln Woods State Park,None,115.957015167
443,Double Track,Lincoln Woods State Park,None,174.748229402
444,Gravel Road,Lincoln Woods State Park,None,136.388365377
445,Double Track,Lincoln Woods State Park,None,589.361879143
446,Double Track,Lincoln Woods State Park,None,622.49394649
447,Double Track,Lincoln Woods State Park,None,286.125431752
448,Gravel Road,Lincoln Woods State Park,None,310.520498696
449,Single Track,George Washington Management Area,Ski Trail,924.919472435
450,Single Track,George Washington Management Area,None,318.349400761
451,Single Track,George Washington Management Area,Angell Loop,6106.71232049
452,Double Track,Arcadia Management Area,None,492.497586257
453,Gravel Road,Arcadia Management Area,None,1968.8425758
454,Double Track,Snake Den State Park,Snake Den,4486.78953219
455,Double Track,Snake Den State Park,Snake Den,1150.70462585
456,Double Track,Snake Den State Park,Snake Den,419.429598606
457,Single Track,Snake Den State Park,Snake Den,1159.08967852
458,Single Track,Snake Den State Park,Snake Den,3595.27033594
459,Single Track,Snake Den State Park,Snake Den,1620.30608595
460,Double Track,Snake Den State Park,Snake Den,5145.70866834
461,Double Track,Snake Den State Park,Snake Den,1498.28862195
462,Single Track,Snake Den State Park,Snake Den,990.012502819
463,Single Track,Snake Den State Park,Snake Den,2111.78545425
464,Single Track,Snake Den State Park,Snake Den,1126.34522593
465,Double Track,Snake Den State Park,Snake Den,5681.51577784
466,Double Track,Snake Den State Park,Snake Den,4835.56687566
467,Double Track,Camp Nokewa,None,478.909417909
468,Double Track,Camp Nokewa,None,450.580190899
469,Double Track,Camp Nokewa,None,383.042038006
470,Double Track,Camp Nokewa,None,321.632055122
471,Double Track,Camp Nokewa,None,412.434739048
472,Double Track,Camp Nokewa,None,266.81600565
473,Single Track,Camp Nokewa,None,376.971959121
474,Gravel Road,Arcadia Management Area,None,1825.70683995
475,Double Track,Arcadia Management Area,None,1291.78891794
476,Double Track,Arcadia Management Area,None,272.692274241
477,Double Track,Arcadia Management Area,None,219.66266517
478,Double Track,Arcadia Management Area,None,1473.78771788
479,Double Track,Big River Management Area,None,483.740305301
480,Double Track,Big River Management Area,None,511.19384192
481,Double Track,Big River Management Area,None,457.222181178
482,Double Track,Big River Management Area,None,633.940178887
483,Double Track,Big River Management Area,None,169.885982533
484,Double Track,Big River Management Area,None,795.263928053
485,Double Track,Big River Management Area,None,112.00688197
486,Double Track,Big River Management Area,None,914.626782658
487,Double Track,Big River Management Area,None,339.769470693
488,Double Track,Big River Management Area,None,381.945707687
489,Double Track,Big River Management Area,None,350.822954073
490,Double Track,Big River Management Area,None,525.789701137
491,Double Track,Big River Management Area,None,839.720119079
492,Double Track,Big River Management Area,None,270.857277855
493,Double Track,Big River Management Area,None,152.02979545
494,Double Track,Big River Management Area,None,1030.0682868
495,Double Track,Big River Management Area,None,476.704013663
496,Double Track,Big River Management Area,None,686.712736229
497,Double Track,Big River Management Area,None,561.853138035
498,Double Track,Big River Management Area,None,181.323752009
499,Double Track,Big River Management Area,None,335.641274164
500,Double Track,Big River Management Area,None,463.646756965
501,Double Track,Big River Management Area,None,879.335670912
502,Double Track,Big River Management Area,None,752.592807899
503,Double Track,Big River Management Area,None,489.369915564
504,Double Track,Big River Management Area,None,954.440894916
505,Double Track,Big River Management Area,None,1846.3660932
506,Double Track,Big River Management Area,None,420.829976505
507,Double Track,Big River Management Area,None,1011.29668821
508,Double Track,Big River Management Area,None,348.213372674
509,Double Track,Big River Management Area,None,1110.47227529
510,Double Track,Big River Management Area,None,330.519751302
511,Double Track,Big River Management Area,None,548.7177643
512,Double Track,Big River Management Area,None,229.545749818
513,Double Track,Big River Management Area,None,1041.95435971
514,Double Track,Big River Management Area,None,590.023135692
515,Double Track,Big River Management Area,None,1376.24873129
516,Double Track,Big River Management Area,None,396.12496232
517,Double Track,Big River Management Area,None,1886.10263111
518,Double Track,Big River Management Area,None,1104.22042723
519,Double Track,Big River Management Area,None,648.683375429
520,Double Track,Big River Management Area,None,340.924892038
521,Double Track,Big River Management Area,None,404.870051726
522,Double Track,Big River Management Area,None,423.212602435
523,Double Track,Big River Management Area,None,450.971672607
524,Double Track,Big River Management Area,None,1568.44738112
525,Double Track,Big River Management Area,None,816.968970564
526,Double Track,Big River Management Area,None,204.220815345
527,Double Track,Big River Management Area,None,486.631092788
528,Double Track,Big River Management Area,None,1173.95134776
529,Double Track,Big River Management Area,None,161.54455724
530,Double Track,Big River Management Area,None,143.512188399
531,Double Track,Big River Management Area,None,94.0390185999
532,Double Track,Big River Management Area,None,604.598338193
533,Double Track,Big River Management Area,None,132.064247064
534,Double Track,Big River Management Area,None,253.751242297
535,Double Track,Big River Management Area,None,431.07955535
536,Double Track,Big River Management Area,None,1258.03558279
537,Double Track,Big River Management Area,None,267.603820179
538,Double Track,Big River Management Area,None,535.506997588
539,Double Track,Big River Management Area,None,912.76623727
540,Double Track,Big River Management Area,None,844.747281281
541,Double Track,Big River Management Area,None,682.032751811
542,Double Track,Big River Management Area,None,1276.328279
543,Double Track,Big River Management Area,None,463.2564291
544,Double Track,Big River Management Area,None,253.926753646
545,Double Track,Big River Management Area,None,745.641517691
546,Double Track,Big River Management Area,None,1234.69586498
547,Double Track,Big River Management Area,None,374.440741473
548,Double Track,Big River Management Area,None,404.561313942
549,Double Track,Big River Management Area,None,597.640396868
550,Double Track,Big River Management Area,None,260.178501657
551,Double Track,Big River Management Area,None,670.946504842
552,Double Track,Big River Management Area,None,490.862585291
553,Double Track,Big River Management Area,None,1069.73519791
554,Double Track,Big River Management Area,None,149.468543622
555,Double Track,Big River Management Area,None,263.392268666
556,Double Track,Big River Management Area,None,2315.80616006
557,Double Track,Big River Management Area,None,672.076240766
558,Double Track,Big River Management Area,None,594.557182376
559,Double Track,Big River Management Area,None,341.465215762
560,Double Track,Big River Management Area,None,313.50151827
561,Double Track,Big River Management Area,None,2082.83479716
562,Double Track,Big River Management Area,None,351.418739889
563,Double Track,Big River Management Area,None,1040.75085539
564,Double Track,Big River Management Area,None,1211.91532608
565,Double Track,Big River Management Area,None,577.507139025
566,Double Track,Big River Management Area,None,392.438941539
567,Double Track,Big River Management Area,None,114.939573764
568,Double Track,Big River Management Area,None,977.836328663
569,Double Track,Big River Management Area,None,289.83970603
570,Double Track,Big River Management Area,None,549.756478844
571,Double Track,Big River Management Area,None,988.367242794
572,Double Track,Big River Management Area,None,2347.39447672
573,Double Track,Big River Management Area,None,620.472066207
574,Double Track,Big River Management Area,None,529.624667878
575,Double Track,Big River Management Area,None,911.940665042
576,Double Track,Big River Management Area,None,1133.3236124
577,Double Track,Big River Management Area,None,1114.04925012
578,Double Track,Big River Management Area,None,881.809166848
579,Double Track,Big River Management Area,None,1465.74939922
580,Double Track,Big River Management Area,None,386.799416045
581,Double Track,Big River Management Area,None,903.973242675
582,Double Track,Big River Management Area,None,81.9619790513
583,Double Track,Big River Management Area,None,391.653832118
584,Double Track,Big River Management Area,None,275.353633835
585,Double Track,Big River Management Area,None,299.651047952
586,Double Track,Big River Management Area,None,289.153755993
587,Double Track,Big River Management Area,None,343.460809311
588,Double Track,Big River Management Area,None,343.457044531
589,Double Track,Big River Management Area,None,1374.19543637
590,Double Track,Big River Management Area,None,195.37436543
591,Double Track,Big River Management Area,None,1656.24885243
592,Double Track,Big River Management Area,None,951.760343855
593,Double Track,Big River Management Area,None,303.905337322
594,Double Track,Big River Management Area,None,393.811148854
595,Double Track,Big River Management Area,None,337.383098357
596,Double Track,Big River Management Area,None,407.686016663
597,Double Track,Big River Management Area,None,239.580487431
598,Double Track,Big River Management Area,None,586.362882217
599,Double Track,Big River Management Area,None,3870.59814091
600,Double Track,Big River Management Area,None,260.061827056
601,Double Track,Big River Management Area,None,831.283986307
602,Double Track,Big River Management Area,None,1629.48235226
603,Double Track,Big River Management Area,None,1417.7916027
604,Double Track,Big River Management Area,None,167.090122596
605,Double Track,Big River Management Area,None,310.791507982
606,Double Track,Big River Management Area,None,1206.17776106
607,Double Track,Big River Management Area,None,976.308750383
608,Double Track,Big River Management Area,None,1084.22734751
609,Double Track,Big River Management Area,None,626.889198284
610,Double Track,Big River Management Area,None,267.242330896
611,Double Track,Big River Management Area,None,288.486771394
612,Double Track,Big River Management Area,None,364.062541096
613,Double Track,Big River Management Area,None,404.847617615
614,Double Track,Big River Management Area,None,243.801378252
615,Double Track,Big River Management Area,None,6561.20121238
616,Double Track,Big River Management Area,None,102.763835193
617,Double Track,Big River Management Area,None,388.277795496
618,Double Track,Big River Management Area,None,184.343086129
619,Double Track,Big River Management Area,None,144.189700887
620,Single Track,Big River Management Area,None,1167.93080031
621,Single Track,Big River Management Area,None,598.404301833
622,Single Track,Big River Management Area,None,165.027477986
623,Single Track,Big River Management Area,None,390.953268771
624,Single Track,Big River Management Area,None,728.38518925
625,Single Track,Big River Management Area,None,948.787642096
626,Single Track,Big River Management Area,None,136.82160098
627,Single Track,Big River Management Area,None,890.577233478
628,Single Track,Big River Management Area,None,772.582979889
629,Single Track,Big River Management Area,None,1568.24417416
630,Single Track,Big River Management Area,None,221.00405623
631,Single Track,Big River Management Area,None,157.702133406
632,Single Track,Big River Management Area,None,188.808276097
633,Single Track,Big River Management Area,None,389.837240054
634,Single Track,Big River Management Area,None,191.436243722
635,Single Track,Big River Management Area,None,196.902535532
636,Single Track,Big River Management Area,None,1164.42326817
637,Single Track,Big River Management Area,None,377.408510388
638,Single Track,Big River Management Area,None,988.909684255
639,Single Track,Big River Management Area,None,340.381219566
640,Single Track,Big River Management Area,None,206.003723048
641,Single Track,Big River Management Area,None,492.262075377
642,Single Track,Big River Management Area,None,720.720465401
643,Single Track,Big River Management Area,None,284.441451927
644,Single Track,Big River Management Area,None,304.45607965
645,Single Track,Big River Management Area,None,398.977986016
646,Single Track,Big River Management Area,None,249.926548116
647,Single Track,Big River Management Area,None,311.202716948
648,Single Track,Big River Management Area,None,285.513216528
649,Single Track,Big River Management Area,None,231.546707951
650,Single Track,Big River Management Area,None,257.777427022
651,Single Track,Big River Management Area,None,754.092405391
652,Single Track,Big River Management Area,None,515.796598556
653,Single Track,Big River Management Area,None,259.87504115
654,Single Track,Big River Management Area,None,562.899852528
655,Single Track,Big River Management Area,None,101.300405054
656,Single Track,Big River Management Area,None,266.9066767
657,Single Track,Big River Management Area,None,262.369264114
658,Single Track,Big River Management Area,None,1096.55157438
659,Single Track,Big River Management Area,None,291.464320124
660,Single Track,Big River Management Area,None,4447.14341248
661,Single Track,Big River Management Area,None,198.632169672
662,Single Track,Big River Management Area,None,139.276809175
663,Single Track,Big River Management Area,None,129.083522448
664,Single Track,Big River Management Area,None,1066.74426197
665,Single Track,Big River Management Area,None,253.447749957
666,Single Track,Big River Management Area,None,229.76552385
667,Single Track,Big River Management Area,None,137.580173571
668,Single Track,Big River Management Area,None,3475.18295818
669,Single Track,Big River Management Area,None,400.174657702
670,Single Track,Big River Management Area,None,710.847486523
671,Single Track,Big River Management Area,None,578.731955439
672,Single Track,Big River Management Area,None,106.864179064
673,Single Track,Big River Management Area,None,767.312617222
674,Single Track,Big River Management Area,None,844.742446923
675,Single Track,Big River Management Area,None,752.325196141
676,Single Track,Big River Management Area,None,254.56609037
677,Single Track,Big River Management Area,None,84.4722873389
678,Single Track,Big River Management Area,None,146.831086315
679,Single Track,Big River Management Area,None,395.361867146
680,Single Track,Big River Management Area,None,212.166280466
681,Single Track,Big River Management Area,None,168.281256992
682,Single Track,Big River Management Area,None,175.316509349
683,Single Track,Big River Management Area,None,1009.09662096
684,Single Track,Big River Management Area,None,1344.00657244
685,Single Track,Big River Management Area,None,1959.28379148
686,Single Track,Big River Management Area,None,455.119317082
687,Single Track,Big River Management Area,None,1775.73535309
688,Single Track,Big River Management Area,None,222.128606597
689,Single Track,Big River Management Area,None,321.043628895
690,Single Track,Big River Management Area,None,141.886588045
691,Single Track,Big River Management Area,None,1095.24232895
692,Single Track,Big River Management Area,None,321.957695805
693,Single Track,Big River Management Area,None,385.265400406
694,Single Track,Big River Management Area,None,250.599540282
695,Single Track,Big River Management Area,None,290.763223528
696,Single Track,Big River Management Area,None,487.45065655
697,Single Track,Big River Management Area,None,1851.05196065
698,Single Track,Big River Management Area,None,378.476463416
699,Single Track,Big River Management Area,None,221.857648639
700,Single Track,Big River Management Area,None,509.763933918
701,Single Track,Big River Management Area,None,502.567969306
702,Single Track,Big River Management Area,None,130.212782088
703,Single Track,Big River Management Area,None,346.156813883
704,Single Track,Big River Management Area,None,260.918471497
705,Single Track,Big River Management Area,None,902.466648349
706,Single Track,Big River Management Area,None,468.197184394
707,Single Track,Big River Management Area,None,645.524072673
708,Single Track,Big River Management Area,None,753.535897037
709,Single Track,Big River Management Area,None,186.434673031
710,Single Track,Big River Management Area,None,738.128625123
711,Single Track,Big River Management Area,None,271.917572983
712,Single Track,Big River Management Area,None,594.963685234
713,Single Track,Big River Management Area,None,690.579566435
714,Single Track,Big River Management Area,None,362.551815786
715,Single Track,Big River Management Area,None,130.392500926
716,Single Track,Big River Management Area,None,1797.86300085
717,Single Track,Big River Management Area,None,1358.69884229
718,Single Track,Big River Management Area,None,132.175149165
719,Single Track,Big River Management Area,None,2272.79293141
720,Single Track,Big River Management Area,None,199.052226291
721,Single Track,Big River Management Area,None,859.747302791
722,Single Track,Big River Management Area,None,361.968969798
723,Single Track,Big River Management Area,None,190.798445521
724,Single Track,Big River Management Area,None,519.189835037
725,Single Track,Big River Management Area,None,712.179966597
726,Single Track,Big River Management Area,None,1829.95541904
727,Single Track,Big River Management Area,None,244.553630719
728,Single Track,Big River Management Area,None,400.010008827
729,Single Track,Big River Management Area,None,364.331434783
730,Single Track,Big River Management Area,None,611.399231451
731,Single Track,Big River Management Area,None,789.097022924
732,Single Track,Big River Management Area,None,158.675773308
733,Single Track,Big River Management Area,None,3230.04990725
734,Single Track,Big River Management Area,None,470.815124127
735,Single Track,Big River Management Area,None,361.566944531
736,Single Track,Big River Management Area,None,295.652690437
737,Single Track,Big River Management Area,None,523.599239758
738,Single Track,Big River Management Area,None,99.2540796739
739,Single Track,Big River Management Area,None,983.19445744
740,Single Track,Big River Management Area,None,161.769644515
741,Single Track,Big River Management Area,None,71.3876819866
742,Single Track,Big River Management Area,None,1060.45516699
743,Gravel Road,Big River Management Area,None,3874.64301838
744,Gravel Road,Big River Management Area,None,797.19024424
745,Gravel Road,Big River Management Area,None,2875.3220725
746,Gravel Road,Big River Management Area,None,184.051348197
747,Gravel Road,Big River Management Area,None,2038.40876218
748,Gravel Road,Big River Management Area,None,549.699432825
749,Gravel Road,Big River Management Area,None,918.240592832
750,Double Track,Diamond Hill Reservation / Diamond Hill Park,Trail to Emerson,338.101329839
751,Double Track,Diamond Hill Reservation / Diamond Hill Park,Trail to Emerson,1042.55177002
752,Double Track,Simmons Mill Management Area,Simmons Mill,1094.96192179
753,Double Track,Simmons Mill Management Area,Simmons Mill,3883.50861706
754,Double Track,Simmons Mill Management Area,Simmons Mill,754.468813729
755,Double Track,Simmons Mill Management Area,Simmons Mill,430.636547947
756,Double Track,Simmons Mill Management Area,Simmons Mill,306.5374944
757,Gravel Road,Nicholas Farm Management Area,None,3098.27976265
758,Gravel Road,Nicholas Farm Management Area,None,2438.0916498
759,Double Track,Nicholas Farm Management Area,None,2327.19640066
760,Double Track,Nicholas Farm Management Area,None,1198.25767704
761,Gravel Road,Nicholas Farm Management Area,None,8978.75055032
762,Double Track,Nicholas Farm Management Area,None,798.890062528
763,Double Track,Nicholas Farm Management Area,None,1926.93535461
764,Gravel Road,Nicholas Farm Management Area,None,889.705706049
765,Double Track,Nicholas Farm Management Area,None,706.149830061
766,Double Track,Nicholas Farm Management Area,None,3003.8692739
767,Single Track,Nicholas Farm Management Area,None,3820.35311455
768,Double Track,Nicholas Farm Management Area,None,1597.83414015
769,Single Track,Nicholas Farm Management Area,None,785.014226615
770,Double Track,Nicholas Farm Management Area,None,4916.61570529
771,Double Track,Nicholas Farm Management Area,None,1664.28951034
772,Double Track,Nicholas Farm Management Area,None,1272.63599101
773,Double Track,Diamond Hill Reservation / Diamond Hill Park,None,412.475863141
774,Single Track,Diamond Hill Reservation / Diamond Hill Park,None,696.064972122
775,Single Track,Diamond Hill Reservation / Diamond Hill Park,None,659.642057896
776,Single Track,Diamond Hill Reservation / Diamond Hill Park,None,379.045587815
777,Single Track,Diamond Hill Reservation / Diamond Hill Park,None,2492.09032509
778,Double Track,Diamond Hill Reservation / Diamond Hill Park,None,762.077894635
779,Double Track,Diamond Hill Reservation / Diamond Hill Park,None,2439.45545084
780,Single Track,Burlingame State Park,COOP,1723.00516661
781,Single Track,Burlingame State Park,COOP,1854.70465198
782,Single Track,Burlingame State Park,COOP,1352.15344137
783,Single Track,Burlingame State Park,COOP,809.080697048
784,Single Track,Burlingame State Park,None,759.177722668
785,Single Track,Burlingame State Park,Mountain Bike,2612.41959843
786,Single Track,Lincoln Woods State Park,None,1887.34079124
787,Single Track,Lincoln Woods State Park,None,553.406234075
788,Double Track,Durfee Hill Management Area,COOP,4322.74517077
789,Double Track,Durfee Hill Management Area,COOP,2307.17618038
790,Double Track,Durfee Hill Management Area,COOP,3065.8600227
791,Double Track,Durfee Hill Management Area,COOP,2180.08875473
792,Double Track,Durfee Hill Management Area,COOP,3875.28228587
793,Double Track,Durfee Hill Management Area,COOP,2057.46401944
794,Double Track,Durfee Hill Management Area,COOP,4017.46157927
795,Double Track,Durfee Hill Management Area,COOP,405.742528608
796,Double Track,Durfee Hill Management Area,COOP,1677.44067895
797,Double Track,Rodmans Hollow,COOP,802.187552908
798,Double Track,Rodmans Hollow,COOP,1198.46593183
799,Double Track,Rodmans Hollow,COOP,427.617661624
800,Double Track,Rodmans Hollow,COOP,287.29540212
801,Double Track,Rodmans Hollow,COOP,700.568775536
802,Double Track,Rodmans Hollow,COOP,1614.34309784
803,Double Track,Rodmans Hollow,COOP,724.166300846
804,Double Track,Rodmans Hollow,COOP,1473.53889454
805,Double Track,Rodmans Hollow,COOP,125.173169058
806,Double Track,Black Hut Management Area,None,2527.3835567
807,Double Track,Black Hut Management Area,None,3480.98520797
808,Double Track,Black Hut Management Area,None,237.897348242
809,Double Track,Black Hut Management Area,None,4080.88103232
810,Double Track,Black Hut Management Area,None,3325.32940163
811,Double Track,Black Hut Management Area,None,1715.96686019
812,Double Track,Black Hut Management Area,None,2052.48495416
813,Double Track,Black Hut Management Area,None,3136.91545146
814,Double Track,Black Hut Management Area,None,3168.09155501
815,Double Track,Black Hut Management Area,None,3873.63788654
816,Double Track,Black Hut Management Area,None,1294.89634222
817,Double Track,Black Hut Management Area,None,3580.96884531
818,Double Track,Black Hut Management Area,None,3088.22791551
819,Double Track,Rockville Management Area,None,660.482873441
820,Double Track,Rockville Management Area,None,907.968401077
821,Double Track,Rockville Management Area,None,2519.89437112
822,Double Track,Rockville Management Area,None,2055.87206035
823,Double Track,Cocumcussoc,None,2647.36711064
824,Double Track,Cocumcussoc,None,953.378479324
825,Double Track,Cocumcussoc,None,1636.29602341
826,Double Track,Cocumcussoc,None,1547.85501251
827,Double Track,Cocumcussoc,None,3162.71728858
828,Double Track,Cocumcussoc,None,1793.16289653
829,Double Track,Cocumcussoc,None,1375.78789049
830,Double Track,Cocumcussoc,None,1004.39678503
831,Double Track,Durfee Hill Management Area,None,6474.27735604
832,Double Track,Durfee Hill Management Area,None,3527.95943605
833,Double Track,Durfee Hill Management Area,None,4231.28923373
834,Double Track,Durfee Hill Management Area,None,628.602165518
835,Double Track,Durfee Hill Management Area,None,1266.5784573
836,Single Track,Black Hut Management Area,None,2605.25582362
837,Double Track,Arcadia Management Area,None,1865.68094599
838,Double Track,Arcadia Management Area,None,1060.05250835
839,Double Track,Arcadia Management Area,None,1773.10501763
840,Double Track,Arcadia Management Area,None,1743.80259952
841,Double Track,Arcadia Management Area,None,951.490072099
842,Double Track,Arcadia Management Area,None,1590.71513485
843,Double Track,Arcadia Management Area,None,971.607007063
844,Double Track,Arcadia Management Area,None,468.817306272
845,Double Track,Arcadia Management Area,None,1069.9966693
846,Double Track,Arcadia Management Area,None,2322.34681417
847,Double Track,Decoppett,Owner = Fish & Wildlife,906.342042416
848,Double Track,Decoppett,Owner = Fish & Wildlife,2033.74233907
849,Double Track,Decoppett,Owner = Fish & Wildlife,2852.65405953
850,Paved Road,George Washington Management Area,None,181.472353147
851,Single Track,Burlingame State Park,COOP,4746.34785725
852,Single Track,Arcadia Management Area,None,327.59567506
853,Single Track,Rockville Management Area,None,3673.23490687
854,Single Track,Rockville Management Area,None,321.065876596
855,Single Track,Rockville Management Area,None,133.499950777
856,Single Track,Rockville Management Area,None,1571.155936
857,Double Track,Big River Management Area,None,587.914736149
858,Double Track,Arcadia Management Area,Mount Tom Trail,3791.10634385
859,Double Track,Arcadia Management Area,Narragansett Gun Club,3346.11884814
860,Double Track,Arcadia Management Area,Newman Trail,3139.40513387
861,Double Track,Arcadia Management Area,Newman Trail,2286.14678801
862,Double Track,Arcadia Management Area,None,1471.08955161
863,Double Track,Arcadia Management Area,None,1036.0412073
864,Double Track,Arcadia Management Area,None,4211.59037429
865,Double Track,Arcadia Management Area,None,2149.64668212
866,Double Track,Arcadia Management Area,None,4947.71979766
867,Double Track,Arcadia Management Area,None,1239.18041341
868,Double Track,Arcadia Management Area,Old Ten Rod Road,2899.89191692
869,Double Track,Arcadia Management Area,Wildcat Trail,4261.12992645
870,Double Track,Big River Management Area,None,408.88075356
871,Double Track,Big River Management Area,None,1606.81085001
872,Double Track,Big River Management Area,None,3500.29017491
873,Double Track,Big River Management Area,None,1863.81478669
874,Double Track,Big River Management Area,None,2082.04321784
875,Double Track,Big River Management Area,None,2243.34017971
876,Double Track,Big River Management Area,None,4994.90600241
877,Double Track,Big River Management Area,None,588.169630445
878,Double Track,Big River Management Area,None,1583.93086416
879,Double Track,Big River Management Area,None,3363.36344221
880,Double Track,Big River Management Area,None,3249.01743059
881,Double Track,Big River Management Area,None,1325.13093002
882,Double Track,Big River Management Area,None,11616.2178952
883,Double Track,Big River Management Area,None,3817.90678876
884,Double Track,Big River Management Area,None,1406.74638627
885,Double Track,Big River Management Area,None,3471.66522091
886,Double Track,Big River Management Area,None,1137.53505093
887,Double Track,Big River Management Area,None,535.573210153
888,Double Track,Big River Management Area,None,2135.78392344
889,Double Track,Big River Management Area,None,597.151676697
890,Double Track,Big River Management Area,None,2654.01535389
891,Double Track,Big River Management Area,None,2116.16042705
892,Double Track,Big River Management Area,None,1933.95175225
893,Double Track,Big River Management Area,None,3592.97113554
894,Double Track,Big River Management Area,None,1640.30254257
895,Double Track,Big River Management Area,None,9201.27041732
896,Double Track,Big River Management Area,None,1361.68712343
897,Double Track,Big River Management Area,None,828.130316772
898,Double Track,Big River Management Area,None,2544.69470261
899,Double Track,Big River Management Area,None,4918.91761278
900,Double Track,Big River Management Area,None,1093.41521637
901,Double Track,Big River Management Area,None,1649.68522936
902,Double Track,Big River Management Area,None,727.052007541
903,Double Track,Big River Management Area,None,1059.51570018
904,Double Track,Big River Management Area,None,1947.91548574
905,Double Track,Big River Management Area,None,660.470085497
906,Double Track,Big River Management Area,None,3653.23532483
907,Double Track,Big River Management Area,None,1553.01001839
908,Double Track,Big River Management Area,None,518.149096136
909,Double Track,Big River Management Area,None,800.755436535
910,Double Track,Big River Management Area,None,2364.05217667
911,Double Track,Big River Management Area,None,864.662724851
912,Double Track,Big River Management Area,None,434.070283308
913,Double Track,Big River Management Area,None,1634.8694526
914,Double Track,Big River Management Area,None,498.948896343
915,Double Track,Big River Management Area,None,2900.45253957
916,Double Track,Big River Management Area,None,1007.30911787
917,Double Track,Big River Management Area,None,1456.88290808
918,Double Track,Big River Management Area,None,476.141272677
919,Double Track,Big River Management Area,None,689.077852918
920,Double Track,Big River Management Area,None,2719.91321635
921,Double Track,Big River Management Area,None,1402.12168074
922,Double Track,Big River Management Area,None,4903.05284682
923,Double Track,Big River Management Area,None,1163.77891761
924,Double Track,Big River Management Area,None,5376.58876
925,Double Track,Big River Management Area,None,1285.15303763
926,Double Track,Big River Management Area,None,695.792023619
927,Double Track,Big River Management Area,None,2657.22952884
928,Double Track,Big River Management Area,None,376.261802598
929,Double Track,Big River Management Area,None,2057.66314045
930,Double Track,Big River Management Area,None,2625.48130896
931,Double Track,Big River Management Area,None,2127.19655787
932,Double Track,Big River Management Area,None,1225.21318644
933,Double Track,Big River Management Area,None,3509.57421434
934,Double Track,Big River Management Area,None,4782.06074562
935,Double Track,Big River Management Area,None,2110.28713806
936,Double Track,Big River Management Area,None,4153.35827412
937,Double Track,Big River Management Area,None,1249.27719354
938,Double Track,Big River Management Area,None,1907.21671069
939,Double Track,Big River Management Area,None,1401.67234434
940,Double Track,Big River Management Area,None,1916.89158691
941,Double Track,Big River Management Area,None,1412.12634968
942,Double Track,Big River Management Area,None,1331.83935596
943,Double Track,Big River Management Area,None,2833.10850343
944,Double Track,Big River Management Area,None,1043.10272068
945,Double Track,Big River Management Area,None,2266.89108206
946,Double Track,Big River Management Area,None,1808.17544048
947,Double Track,Big River Management Area,None,1482.71659339
948,Double Track,Big River Management Area,None,1368.38719756
949,Double Track,Big River Management Area,None,2162.8232724
950,Double Track,Big River Management Area,None,3526.93580769
951,Double Track,Big River Management Area,None,2424.30637129
952,Double Track,Big River Management Area,None,2600.63856817
953,Double Track,Black Farm Management Area,None,4593.12992191
954,Double Track,Black Farm Management Area,None,813.137734311
955,Double Track,Black Hut Management Area,None,6365.97640051
956,Double Track,Black Hut Management Area,None,6314.56027796
957,Double Track,Buck Hill Management Area,None,8026.39688595
958,Double Track,Buck Hill Management Area,None,1571.81920242
959,Double Track,Burlingame Management Area,None,322.067534762
960,Double Track,Burlingame State Park,COOP,2516.86791922
961,Double Track,Burlingame State Park,COOP,4135.4210464
962,Double Track,Burlingame State Park,None,3088.54311092
963,Double Track,Burlingame State Park,NORTH SOUTH TRAIL,2092.09178697
964,Double Track,Camp Nokewa,None,635.327627846
965,Double Track,Carolina Management Area,None,1105.19096342
966,Double Track,Carolina Management Area,None,4499.35391217
967,Double Track,Cocumcussoc,None,4094.66704
968,Double Track,Decoppett,Owner = Fish & Wildlife,3422.62361123
969,Double Track,Decoppett,Owner = Fish & Wildlife,6401.45657708
970,Double Track,Diamond Hill Reservation / Diamond Hill Park,None,3392.71111704
971,Double Track,Diamond Hill Reservation / Diamond Hill Park,None,2362.1271387
972,Double Track,Durfee Hill Management Area,None,7807.03943789
973,Double Track,Durfee Hill Management Area,None,4494.00336904
974,Double Track,George Washington Management Area,Ski Trail,3022.45112124
975,Double Track,Goddard Park,Bridle Path,3323.81939364
976,Double Track,Goddard Park,Bridle Path,1629.6256817
977,Double Track,Goddard Park,Bridle Path,842.845326289
978,Double Track,Great Swamp Management Area,None,19243.3474908
979,Double Track,Rodmans Hollow,COOP,2381.47293831
980,Double Track,Rome Point,None,925.569403256
981,Double Track,Rome Point,None,3413.8879764
982,Double Track,Scarborough Beach,Black Point,3223.09510516
983,Double Track,Simmons Mill Management Area,Simmons Mill,4850.31452994
984,Double Track,Simmons Mill Management Area,Simmons Mill,3383.94981888
985,Double Track,Simmons Mill Management Area,Simmons Mill,1759.30168234
986,Double Track,Simmons Mill Management Area,Simmons Mill,1662.54154323
987,Double Track,Wickaboxet Management Area,None,2126.60645305
988,Double Track,Wickaboxet Management Area,None,187.589853662
989,Double Track,Woody Hill Management Area,None,1695.81268628
990,Double Track,Woody Hill Management Area,None,3593.51307997
991,Double Track,Woody Hill Management Area,None,3116.23862873
992,Gravel Road,Arcadia Management Area,NEWMAN,1392.16457375
993,Gravel Road,Arcadia Management Area,NO NAME,2928.67881709
994,Gravel Road,Arcadia Management Area,NO NAME,549.46023805
995,Gravel Road,Arcadia Management Area,None,9895.64663409
996,Gravel Road,Arcadia Management Area,None,2426.96179815
997,Gravel Road,Arcadia Management Area,None,2594.69958482
998,Gravel Road,Arcadia Management Area,None,8009.3533918
999,Gravel Road,Arcadia Management Area,None,5458.16777058
1000,Gravel Road,Arcadia Management Area,None,3335.99651284
